,latitude,longitude,Nearest City,Country Code,Noon Temp(f),Humidity,Clouds,Wind Speed,Distance From Equator
310,-0.1385918417345593,-59.46000591916452,urucara,br,86.6,64.0,36.0,3.27,0.0
302,0.08273408455919196,116.04524122542077,loa janan,id,74.9,94.0,44.0,0.69,0.0
111,0.9505768570154025,-76.76958095903962,villagarzon,co,79.76,85.0,68.0,2.93,0.0
112,-0.8696551635068239,-1.592477930541449,takoradi,gh,83.27,100.0,8.0,7.74,0.0
85,-0.40401158302933027,17.99231433113134,mbandaka,cd,78.86,83.0,92.0,2.93,0.0
156,1.6059840894601223,-166.05796473026092,saleaula,ws,78.59,100.0,80.0,11.99,1.0
410,1.675358548622981,132.8015306646318,manokwari,id,84.35,99.0,36.0,20.83,1.0
489,1.6402655776616335,-61.833988464052354,boa vista,br,89.21,61.0,0.0,6.17,1.0
327,1.7392519679632947,-75.74235138581152,acevedo,co,73.24,100.0,92.0,1.14,1.0
462,1.1399724269618332,-63.92277330679822,santa isabel do rio negro,br,89.84,56.0,0.0,3.6,1.0
257,-1.2127771591016732,178.2266159123444,rungata,ki,82.87,99.0,80.0,16.58,1.0
275,-2.4593878475350124,76.00357903062472,hithadhoo,mv,84.31,100.0,76.0,9.86,2.0
238,-2.02785246470836,-6.662921845348592,tabou,ci,81.56,100.0,32.0,9.42,2.0
230,2.9514596772691917,143.76421790316164,lorengau,pg,81.52,100.0,80.0,10.31,2.0
166,3.9384195112055664,-15.270164395495293,bonthe,sl,81.52,100.0,32.0,4.05,3.0
473,3.836114554709283,66.50815397106152,mahibadhoo,mv,85.21,100.0,0.0,4.61,3.0
266,-3.5143319744247705,88.82170619772332,meulaboh,id,81.83,100.0,0.0,5.28,3.0
472,-3.5437663295558757,41.090178073839354,malindi,ke,83.0,100.0,12.0,9.19,3.0
381,3.643120456694618,-105.56160783636858,acapulco,mx,76.16,100.0,56.0,2.37,3.0
139,3.4213099718067994,10.461165481038321,lolodorf,cm,82.24,84.0,20.0,5.61,3.0
239,3.774324631554066,136.3719371276362,kloulklubed,pw,85.12,97.0,12.0,22.28,3.0
174,-3.5983721855210398,-177.87162613718917,vaitupu,wf,83.54,96.0,0.0,12.1,3.0
282,3.295449317572917,-64.76991687408913,inirida,co,79.4,65.0,24.0,4.38,3.0
283,-3.3706612957873325,25.83889634881156,kindu,cd,83.81,70.0,44.0,3.38,3.0
229,-3.0252854539582756,36.75801393691371,longido,tz,71.3,69.0,24.0,2.59,3.0
300,-3.0495194558208,-77.43239277324162,sucua,ec,77.15,86.0,88.0,3.83,3.0
31,3.4241287934691726,-47.746856385879134,amapa,br,80.03,100.0,12.0,17.36,3.0
399,-4.7957585779513,-161.90469563969208,samusu,ws,81.74,99.0,24.0,17.02,4.0
292,-4.872301122975777,-40.495793065983804,tamboril,br,83.81,88.0,36.0,7.96,4.0
148,4.512854055613033,41.05897570439281,mandera,ke,85.79,36.0,0.0,6.73,4.0
158,4.429564607233878,155.7571269971092,kavieng,pg,82.42,100.0,20.0,6.96,4.0
12,-4.712444993050553,-135.70376441355856,atuona,pf,78.68,100.0,80.0,13.11,4.0
14,4.5559374852661065,91.67332286754302,banda aceh,id,84.67,100.0,92.0,6.62,4.0
471,5.122906524407114,-117.98955939706045,san patricio,mx,78.14,100.0,32.0,3.94,5.0
319,-5.82070315822623,-47.03010204974924,montes altos,br,82.24,81.0,36.0,3.04,5.0
428,-5.630665070840028,110.00757871980358,mlonggo,id,82.96,100.0,44.0,8.08,5.0
444,-5.904482207389069,-77.12887413154252,rioja,pe,74.32,98.0,92.0,2.93,5.0
500,-5.987348248443304,171.58529687115697,lolua,tv,82.37,100.0,80.0,11.21,5.0
436,-5.371568369454149,53.21397687291831,victoria,sc,83.59,100.0,64.0,9.19,5.0
336,5.583560863896757,-166.09056194056538,makakilo city,us,80.26,100.0,80.0,10.76,5.0
409,5.4417964748223255,-16.970414758327145,goderich,sl,81.74,100.0,24.0,4.72,5.0
246,6.904629752731729,-62.25077888458233,upata,ve,70.31,88.0,80.0,2.71,6.0
293,6.702230269820333,92.2348414753647,sabang,id,85.25,99.0,20.0,9.42,6.0
365,-6.597517598241488,115.90570866504085,singaraja,id,83.59,100.0,76.0,8.52,6.0
184,-6.480288250214542,2.5603923042270225,omboue,ga,79.54,100.0,100.0,11.77,6.0
446,-6.6766035711988785,94.80772078071166,padang,id,81.61,100.0,32.0,1.92,6.0
30,-6.56648730824779,-85.79335903475204,paita,pe,77.92,100.0,92.0,8.63,6.0
356,6.970063221022954,77.46392648485318,kanniyakumari,in,82.51,100.0,0.0,5.28,6.0
490,7.339160586955714,42.64950430845781,ginir,et,90.34,17.0,0.0,2.93,7.0
201,-7.5802551086836765,-79.41703065305637,chicama,pe,70.58,92.0,20.0,1.59,7.0
84,7.29842266311649,-76.73953971694462,mutata,co,71.21,86.0,68.0,1.81,7.0
284,7.306942800844858,122.69128207795856,olutanga,ph,78.5,100.0,20.0,9.98,7.0
211,7.165410341403749,-41.66138887765612,carutapera,br,78.82,100.0,0.0,18.48,7.0
157,-7.579893458848897,-43.300540182194354,itaueira,br,81.47,94.0,44.0,8.19,7.0
418,7.1958331406342495,-54.716133122807385,marienburg,sr,78.23,100.0,32.0,15.35,7.0
481,7.782059381630106,47.420146196739324,garowe,so,91.87,29.0,0.0,11.65,7.0
93,-7.836190435484838,-77.89092382229042,huamachuco,pe,71.12,97.0,92.0,1.59,7.0
248,-8.083190309411926,167.31183585408166,lata,sb,84.04,100.0,80.0,7.63,8.0
338,8.778451012488873,73.44273197448402,dhidhdhoo,mv,83.63,100.0,8.0,4.38,8.0
220,8.705510552154998,1.82228249628254,bassila,bj,91.19,58.0,24.0,2.71,8.0
355,8.665646812996357,2.7798942665752264,tchaourou,bj,95.24,49.0,0.0,4.72,8.0
212,8.891475442570083,127.41497211003174,marihatag,ph,83.99,98.0,64.0,17.02,8.0
417,-9.279664631473235,-71.96589615793937,porto walter,br,77.06,79.0,44.0,5.17,9.0
228,9.227266057599387,-115.65814059086702,cabo san lucas,mx,80.3,100.0,76.0,16.02,9.0
121,-9.577560910097947,27.735942517491637,nchelenge,zm,78.91,73.0,44.0,4.05,9.0
427,10.931231619369143,3.0424237303523896,kandi,bj,101.72,20.0,0.0,11.43,10.0
264,10.934739305815299,-64.51438446491758,cumana,ve,83.14,55.0,24.0,1.81,10.0
113,-10.028198623645387,123.79953801802876,kupang,id,81.52,100.0,12.0,4.61,10.0
3,-10.734625412979753,-93.91651632629114,puerto ayora,ec,77.51,100.0,48.0,17.58,10.0
67,10.675192880440875,50.02581205318964,qandala,so,86.06,28.0,0.0,14.45,10.0
103,-10.07495025707679,10.174171722957922,luanda,ao,79.94,100.0,0.0,9.42,10.0
32,10.015100408320883,120.05034779352872,osmena,ph,81.56,100.0,12.0,11.77,10.0
5,-11.974925085795107,150.091023357275,samarai,pg,81.61,100.0,24.0,1.25,11.0
129,11.280102831792497,-76.88909675700842,cartagena,co,80.57,97.0,0.0,27.87,11.0
363,-11.614970782944663,-76.79429163873617,santa eulalia,pe,50.92,90.0,36.0,2.04,11.0
309,11.871055214984395,-105.673008200699,lazaro cardenas,mx,83.54,96.0,24.0,15.01,11.0
426,-11.785959209469176,-91.49974711125236,san cristobal,ec,77.06,100.0,36.0,15.23,11.0
221,12.55197164633259,142.28727033066372,airai,pw,82.01,100.0,92.0,21.5,12.0
255,12.233070461480594,-97.94260641300197,puerto escondido,mx,83.59,95.0,0.0,9.31,12.0
301,-12.648132430976165,-36.92908135123009,conde,br,81.2,100.0,92.0,13.33,12.0
273,-12.624019339225882,-154.03265071369677,faanui,pf,82.19,100.0,20.0,14.67,12.0
175,-13.388275013047235,-30.97606108816281,maceio,br,80.39,100.0,8.0,12.77,13.0
346,13.6122473915769,10.720790144939286,goure,ne,103.84,19.0,0.0,7.29,13.0
382,14.209327471575932,-52.374691800252,bathsheba,bb,76.84,100.0,56.0,17.13,14.0
256,14.388045140416935,-32.86857489752567,porto novo,cv,73.42,100.0,0.0,16.91,14.0
445,-14.5557709234918,23.50398854480332,lukulu,zm,85.97,55.0,0.0,8.3,14.0
435,-14.464408922225081,-84.18490593510215,hualmay,pe,73.37,100.0,92.0,13.67,14.0
247,-14.120562651901507,14.430894637626068,caluquembe,ao,76.7,93.0,32.0,3.6,14.0
40,-14.796662537113548,36.16198542135592,cuamba,mz,79.36,75.0,8.0,3.49,14.0
437,14.170045515311266,112.17232045685924,qui nhon,vn,78.82,100.0,92.0,16.13,14.0
183,15.062619309094543,-69.10222969233511,westpunt,an,79.81,98.0,92.0,16.69,15.0
165,-15.414152827011186,-149.84072394279139,fare,pf,81.61,100.0,92.0,16.02,15.0
77,15.882890589249932,102.34375397507398,kaeng khlo,th,77.33,74.0,48.0,2.71,15.0
491,15.631281294057274,107.40820824134678,hue,vn,73.73,78.0,0.0,1.92,15.0
76,-15.415508884489915,9.022655929438656,namibe,ao,74.27,100.0,0.0,9.64,15.0
130,16.209282888740468,-18.59612587285101,dakar,sn,70.54,94.0,0.0,10.76,16.0
408,-16.94076758341,-175.16202585451887,hihifo,to,76.25,100.0,100.0,9.64,16.0
138,-16.92042549500302,-177.99113007541104,halalo,wf,75.04,100.0,92.0,9.75,16.0
265,16.92684538171833,-42.68526244730535,cayenne,gf,74.9,100.0,20.0,17.92,16.0
455,16.533375813941028,72.20746814635295,ratnagiri,in,83.54,100.0,32.0,7.96,16.0
391,-16.92860743509507,-38.98003921141066,prado,br,78.95,100.0,80.0,13.11,16.0
311,16.039456998576384,72.97821207661248,malwan,in,83.54,100.0,32.0,7.96,16.0
94,-16.736678874952304,55.045943529186616,grand baie,mu,81.02,100.0,0.0,4.94,16.0
345,17.564889276765612,-90.6725508679382,san carlos,mx,83.18,62.0,44.0,8.3,17.0
23,17.78169857751321,95.89089617640919,letpadan,mm,74.18,86.0,0.0,6.62,17.0
120,-17.257762150347745,-61.879020966114325,santa rosa,bo,64.28,84.0,92.0,5.73,17.0
320,-17.7974809769342,146.09384860151278,innisfail,au,76.79,100.0,88.0,8.75,17.0
401,18.758139236536167,85.11889881977255,gopalpur,in,82.91,97.0,0.0,12.33,18.0
185,18.320361676375796,68.556075999788,veraval,in,82.51,93.0,56.0,12.88,18.0
347,-18.25677165692963,145.97022847223036,ingham,au,69.82,98.0,68.0,8.86,18.0
419,18.62210559914333,128.26526783686222,dicabisagan,ph,76.52,100.0,92.0,21.94,18.0
400,18.5316574178062,38.66634561933924,tawkar,sd,94.07,18.0,0.0,12.66,18.0
75,-18.26394664029711,-166.9959930164737,alofi,nu,78.5,100.0,88.0,2.93,18.0
39,18.765994851308776,-139.90240236378588,hilo,us,75.89,99.0,92.0,23.51,18.0
66,18.17503611211245,-123.9723473395369,guerrero negro,mx,71.17,100.0,44.0,24.29,18.0
210,18.100430669755617,-158.75850939246925,ewa beach,us,71.75,100.0,68.0,6.06,18.0
102,-18.841793423387408,-87.00879611301717,pisco,pe,70.4,100.0,88.0,15.79,18.0
194,18.555534953131968,90.76692768790097,akyab,mm,82.91,98.0,0.0,8.52,18.0
50,-19.915808080033266,88.37797337755335,bengkulu,id,76.7,100.0,0.0,20.27,19.0
354,19.94613507155716,-100.05921298674414,temascalcingo,mx,65.54,45.0,8.0,2.93,19.0
274,-19.3125922534997,-41.98896497647249,inhapim,br,80.66,70.0,20.0,4.38,19.0
122,19.750081927082434,167.23150268468254,butaritari,ki,75.44,100.0,36.0,14.0,19.0
59,-19.120173033125027,126.55055812470415,kununurra,au,85.97,26.0,0.0,11.99,19.0
86,19.291879529328,82.18234482932459,kotaparh,in,74.54,25.0,0.0,7.4,19.0
193,19.311748969626137,53.681841158116285,salalah,om,90.97,16.0,0.0,5.95,19.0
390,20.15515461747617,-107.24120968739516,bucerias,mx,73.64,100.0,0.0,5.17,20.0
58,20.824084343605513,-31.94330873932872,ponta do sol,cv,69.37,100.0,80.0,15.35,20.0
453,20.43169732977882,-73.93431618037935,baracoa,cu,79.58,78.0,32.0,15.79,20.0
383,20.178042037092816,74.02913476905802,ojhar,in,78.14,31.0,8.0,5.73,20.0
21,-20.732802714168038,-150.83539888251553,moerai,pf,80.44,100.0,48.0,15.9,20.0
131,20.0166503510144,69.34257130853847,mangrol,in,83.09,90.0,0.0,13.44,20.0
41,-21.882930619048444,169.0587027613371,tadine,nc,81.65,99.0,92.0,24.52,21.0
176,-21.041514756431187,70.86493309270269,grand river south east,mu,79.13,100.0,88.0,24.52,21.0
463,21.32208538284543,38.66424684861161,jiddah,sa,80.03,100.0,0.0,4.94,21.0
329,21.052514928767927,111.6908226004096,mata,cn,71.84,97.0,0.0,8.19,21.0
392,21.41275568718015,80.33983689544235,balaghat,in,75.26,54.0,0.0,2.71,21.0
372,21.608685158468866,-93.13330091577572,celestun,mx,78.01,95.0,0.0,25.86,21.0
337,-22.814128744727117,-43.92226125639972,itaguai,br,79.09,70.0,0.0,3.71,22.0
68,-22.512336641222323,92.42428286147695,labuhan,id,74.54,100.0,56.0,21.83,22.0
49,-22.6501877614215,49.607950044779315,manakara,mg,79.27,100.0,44.0,9.53,22.0
328,-22.80259422222496,47.92801796266427,farafangana,mg,74.36,52.0,8.0,2.93,22.0
237,22.99253602813407,-106.68606804799215,mazatlan,mx,72.2,100.0,0.0,5.84,22.0
147,22.062621145245316,-127.0163182986114,san quintin,mx,66.8,100.0,36.0,25.08,22.0
192,23.993542623259756,-71.58910016248281,cockburn harbour,tc,72.97,100.0,48.0,20.6,23.0
464,23.17120772939478,133.92458567306892,naze,jp,75.35,100.0,92.0,24.4,23.0
373,23.65536038914736,12.388725185041238,gat,ly,81.65,13.0,0.0,12.77,23.0
95,23.685974443448814,160.48638358042015,hasaki,jp,74.36,100.0,80.0,11.43,23.0
203,-24.350464047420438,113.74887125187828,carnarvon,au,80.66,100.0,0.0,22.84,24.0
499,24.425801601850743,3.2396400035875104,tessalit,ml,83.14,11.0,0.0,15.01,24.0
374,24.108422566742185,94.54834841699743,mawlaik,mm,65.63,88.0,48.0,1.59,24.0
219,24.37763223763426,-105.81270763492087,tayoltita,mx,57.53,30.0,0.0,6.51,24.0
318,-24.51171476084986,-67.47793319012821,salta,ar,48.08,43.0,0.0,2.71,24.0
149,-24.828565223195532,142.66148153728173,mount isa,au,77.96,51.0,32.0,11.1,24.0
104,24.350941766675156,148.3784040316148,katsuura,jp,75.04,100.0,88.0,20.6,24.0
4,25.107179116021527,34.769791892884854,safaga,eg,86.6,19.0,80.0,11.43,25.0
498,25.99937360856439,-130.99280492785078,lompoc,us,64.01,100.0,64.0,22.73,25.0
454,25.785454355402074,58.30817417664986,minab,ir,80.39,90.0,0.0,12.33,25.0
57,26.163284663694995,-78.91115042325364,freeport,bs,71.26,100.0,0.0,23.85,26.0
482,26.65327056153736,118.5886790295109,zhicheng,cn,55.28,86.0,12.0,1.25,26.0
13,-26.61714457822001,23.648765504952095,kuruman,za,89.21,23.0,0.0,7.4,26.0
202,26.05441716255074,52.249040246948695,khor,qa,76.66,92.0,0.0,7.18,26.0
364,27.80836563109007,-20.67692553979154,los llanos de aridane,es,66.53,100.0,44.0,18.03,27.0
48,27.236995448880194,-79.6330429153633,hobe sound,us,70.72,100.0,8.0,23.06,27.0
140,27.950265419022266,137.1695543713079,shingu,jp,68.42,100.0,12.0,17.47,27.0
167,-28.793133716026652,176.14910690758074,kaeo,nz,74.54,100.0,92.0,18.7,28.0
291,-29.59331279583334,-62.47663473405852,san francisco,ar,68.96,91.0,44.0,4.94,29.0
480,29.785614567906315,-119.61287135663994,maneadero,mx,60.5,100.0,0.0,18.48,29.0
22,-29.346945481095673,-25.86001814536084,vila velha,br,74.72,100.0,0.0,11.43,29.0
384,31.892003165589134,-61.06779491111759,saint george,bm,65.81,100.0,36.0,16.8,31.0
124,31.09833280996498,-29.124141376677596,ribeira grande,pt,66.26,100.0,92.0,16.24,31.0
315,-31.08314689985726,-75.52905630296081,coquimbo,cl,64.42,100.0,0.0,21.39,31.0
234,-31.136233421139103,-64.4323071915412,villa carlos paz,ar,68.87,36.0,56.0,7.74,31.0
407,-31.396709595593776,144.52512750447346,broken hill,au,51.86,59.0,0.0,3.71,31.0
189,-31.875050589474803,-75.8503892976435,valparaiso,cl,64.42,100.0,0.0,21.39,31.0
297,-31.25453354999636,-61.276035796961395,rafaela,ar,70.13,53.0,80.0,4.61,31.0
298,-31.599851838162905,-52.639726674048006,cangucu,br,73.24,75.0,92.0,15.01,31.0
235,-31.509882112465682,42.13336885207676,beloha,mg,72.74,100.0,0.0,20.6,31.0
316,-31.033163991450486,-55.44491209447061,rivera,uy,73.28,84.0,0.0,15.46,31.0
190,-31.24563280438742,-51.43880615061466,sao lourenco do sul,br,75.17,82.0,64.0,18.03,31.0
450,-31.804554289723896,-70.61167955008011,salamanca,cl,34.67,89.0,0.0,1.48,31.0
146,-31.508063180909986,152.89253233981134,port macquarie,au,54.74,92.0,68.0,2.26,31.0
433,-31.635655938275725,24.86411546112383,middelburg,za,83.09,15.0,0.0,11.21,31.0
281,-31.39855850591219,114.24275111234877,perth,au,68.6,100.0,0.0,15.68,31.0
442,-31.173433561445584,19.57995500704955,calvinia,za,88.49,18.0,0.0,9.31,31.0
342,-31.54423951819434,-63.98987234246796,cordoba,ar,68.02,62.0,92.0,5.17,31.0
352,-31.233199457229702,-56.90643057043165,artigas,uy,69.05,88.0,76.0,12.77,31.0
262,-31.49145316319065,-53.14957462930646,pinheiro machado,br,70.85,79.0,92.0,13.89,31.0
414,-31.553080641430945,-67.03824647580932,san juan,ar,69.64,39.0,0.0,10.76,31.0
271,-31.497477510279005,-51.00434233184498,tapes,br,75.17,82.0,64.0,18.03,31.0
468,-31.28015211296158,-73.42345307868278,illapel,cl,64.19,98.0,0.0,21.39,31.0
497,-32.41981220773405,148.9839828171132,wellington,au,64.46,71.0,0.0,11.1,32.0
411,32.42688908374094,-107.8300366641448,deming,us,48.71,72.0,88.0,3.6,32.0
199,-32.77242401224598,-55.045416377885644,treinta y tres,uy,73.06,74.0,44.0,16.46,32.0
496,-32.28889775796046,-56.02212712918742,tacuarembo,uy,73.24,72.0,48.0,13.78,32.0
424,-32.503674288271135,27.657844816970368,stutterheim,za,78.68,46.0,0.0,5.61,32.0
47,-32.28975886956574,135.51049421872898,flinders,au,62.21,71.0,0.0,7.85,32.0
397,-32.525846059924206,26.10637930383693,adelaide,za,82.91,15.0,0.0,9.31,32.0
252,-32.17248549629471,-63.322244368417046,villa maria,ar,70.4,46.0,64.0,6.96,32.0
387,-32.130330029365496,-81.4811284133552,talcahuano,cl,66.49,100.0,88.0,11.21,32.0
263,-32.85402282237391,118.38240459937849,northam,au,57.35,67.0,20.0,7.18,32.0
393,32.6840541832918,-69.46397449510174,hamilton,bm,62.39,100.0,56.0,22.28,32.0
29,-32.102634719378386,95.26537795864454,geraldton,au,65.77,100.0,0.0,11.54,32.0
451,-32.13372883458289,-58.35600840537096,paysandu,uy,70.13,65.0,68.0,10.98,32.0
379,-32.633313625327226,34.854212152010874,scottsburgh,za,73.46,100.0,0.0,12.21,32.0
171,-32.84524109514357,-61.323196849914254,rosario,ar,71.48,53.0,76.0,5.5,32.0
452,-32.04047453500998,112.82105550525853,mandurah,au,65.99,100.0,0.0,13.0,32.0
415,-32.59312331923136,29.132443251079394,butterworth,za,78.68,63.0,0.0,4.83,32.0
460,-32.7399329712067,-57.8790715302836,young,uy,70.04,72.0,68.0,15.46,32.0
191,-32.66567728794868,145.40351202376428,griffith,au,50.47,53.0,0.0,2.71,32.0
236,-33.03188083509255,177.11958789164078,ngunguru,nz,71.3,100.0,76.0,14.9,33.0
280,-33.987512961224176,-58.11941190525488,carmelo,uy,73.55,61.0,8.0,10.54,33.0
396,-33.269140274610265,-67.6715178884193,rivadavia,ar,72.38,34.0,0.0,16.69,33.0
343,-33.766906075192,7.3475150121368245,oranjemund,na,68.96,98.0,0.0,24.52,33.0
388,-33.93485400837662,18.901035005555045,stellenbosch,za,66.76,65.0,8.0,8.97,33.0
369,-33.0756670681103,-69.46662816999596,lujan,ar,65.45,51.0,0.0,3.38,33.0
406,-33.75322401218524,-52.558248752770844,santa vitoria do palmar,br,70.72,100.0,0.0,15.79,33.0
334,-33.88901091494483,-59.142294545110275,zarate,ar,73.82,53.0,20.0,9.42,33.0
324,-33.40830936403904,-72.52848269838279,san antonio,cl,61.09,94.0,0.0,16.8,33.0
389,-33.105453634479694,115.34553499192839,bunbury,au,67.43,100.0,0.0,12.66,33.0
245,-33.35954537995337,142.62123391742165,mildura,au,58.84,49.0,0.0,8.19,33.0
0,-33.38161771051949,-170.59188285107237,vaini,to,68.87,100.0,76.0,20.94,33.0
154,-33.58437750522758,-25.878905251468098,sao joao da barra,br,70.49,100.0,0.0,7.96,33.0
114,33.91232744638849,-168.49411211949484,kapaa,us,60.82,100.0,76.0,10.76,33.0
172,-33.410652547428704,35.96088324516383,richards bay,za,71.03,100.0,0.0,11.43,33.0
87,33.59383657083736,-75.63588495649662,havelock,us,63.61,100.0,0.0,16.69,33.0
72,-33.977056860486336,-74.48937799457718,constitucion,cl,62.75,100.0,0.0,23.17,33.0
96,33.45946553233542,-110.60463642828927,florence,us,42.77,53.0,0.0,2.04,33.0
470,-33.964042605946524,116.51291940391023,collie,au,58.57,91.0,0.0,8.41,33.0
54,-33.58417227813377,-156.37508127933924,avera,pf,68.47,100.0,92.0,26.98,33.0
208,-33.75006769924928,10.8515308181683,saldanha,za,67.12,100.0,12.0,16.46,33.0
162,-33.670347905091376,-67.37063979955676,san luis,ar,72.38,34.0,0.0,16.69,33.0
478,-33.415987840487226,25.407879980606296,kirkwood,za,92.63,17.0,0.0,3.6,33.0
10,-33.2566009670918,-40.89575098045874,laguna,br,69.32,100.0,100.0,19.37,33.0
153,-33.81705490898678,-63.824953424431044,rio cuarto,ar,72.56,48.0,0.0,11.1,33.0
441,-33.05083232681721,-62.35519890228366,bell ville,ar,70.99,57.0,0.0,9.42,33.0
466,34.37782125105305,8.753349193123682,qafsah,tn,64.06,52.0,0.0,10.09,34.0
109,-34.789117792271576,4.343383443265239,luderitz,na,64.87,100.0,92.0,13.44,34.0
116,34.47113938998998,105.21197124905197,beidao,cn,38.99,70.0,0.0,2.82,34.0
434,-34.14472018413255,149.17028439907688,cowra,au,51.91,92.0,0.0,8.75,34.0
325,-34.962985748964414,22.074781699701035,george,za,74.86,72.0,8.0,4.94,34.0
106,34.08568077071524,-7.060088142681856,rabat,ma,61.94,96.0,0.0,18.03,34.0
333,-34.58778588392104,-62.38378988308999,lincoln,ar,68.74,76.0,0.0,10.65,34.0
380,-34.128033297892905,152.70271408199216,newcastle,au,74.0,100.0,0.0,15.01,34.0
370,-34.882532529704186,21.130406513432746,swellendam,za,82.51,33.0,20.0,6.85,34.0
443,-34.32548456072609,151.692136252887,sydney,au,70.13,96.0,0.0,10.98,34.0
79,34.42691436970103,56.35336890954056,tabas,ir,72.92,16.0,0.0,6.29,34.0
163,-35.35046716608918,-47.6676692195855,rio grande,br,68.96,100.0,44.0,15.79,35.0
416,-35.53307511554858,175.83953300096607,coromandel,nz,69.91,100.0,92.0,13.11,35.0
169,35.57226555344463,8.70057518507231,talah,tn,52.22,75.0,24.0,10.98,35.0
164,-35.56585306689569,136.92183418604628,port lincoln,au,68.42,97.0,32.0,15.23,35.0
217,-35.687018064856545,38.156949662116276,port shepstone,za,68.92,100.0,0.0,6.85,35.0
204,35.57619562577058,-85.29495675222448,soddy-daisy,us,50.78,81.0,92.0,7.74,35.0
493,35.97204242500336,1.1149963044325233,sidi ali,dz,53.12,73.0,0.0,14.79,35.0
360,-35.31842479200599,-65.61268871941658,mercedes,ar,74.32,40.0,0.0,8.97,35.0
477,-35.83287777602244,-71.86102073174914,longavi,cl,66.44,53.0,0.0,0.92,35.0
344,-35.64196781296799,146.05333437753532,corowa,au,49.66,68.0,0.0,4.38,35.0
469,-35.225000947352086,-57.35935383249715,la plata,ar,66.26,100.0,12.0,11.21,35.0
313,35.78821701217129,39.06236571006377,manbij,sy,80.26,21.0,0.0,8.97,35.0
322,35.04093670180002,35.01454177343983,dipkarpaz,cy,66.71,98.0,0.0,0.92,35.0
270,-35.670323482857796,-72.15121218519265,cauquenes,cl,64.73,86.0,0.0,4.94,35.0
90,-35.82567485521011,-100.32905632159702,lebu,cl,69.59,100.0,88.0,17.02,35.0
243,-35.02882379718205,-66.85730214385478,san rafael,ar,76.88,28.0,0.0,11.32,35.0
288,-36.58911183786592,-71.1363939877165,coihueco,cl,65.45,22.0,0.0,1.92,36.0
290,-36.473079851489004,169.6758756219303,ahipara,nz,68.15,100.0,92.0,13.78,36.0
127,-36.03088576827408,33.01863173260185,umzimvubu,za,69.19,100.0,20.0,15.35,36.0
461,-36.404576751527884,179.06107472308923,ruatoria,nz,68.15,100.0,64.0,10.31,36.0
361,-36.08194490101466,57.150629597464814,saint-joseph,re,68.51,95.0,92.0,17.13,36.0
19,-36.15151196590121,-29.39550340323818,arraial do cabo,br,69.01,100.0,76.0,13.67,36.0
92,-36.76602992340665,159.95420964044143,nelson bay,au,70.81,100.0,8.0,8.52,36.0
431,36.639583043208084,113.91494119225541,hecun,cn,50.87,38.0,0.0,5.95,36.0
198,-36.48364694963575,-63.279338468200294,general pico,ar,72.47,41.0,0.0,14.45,36.0
207,-36.73566812348333,-69.97825857818906,linares,cl,65.41,30.0,0.0,3.71,36.0
253,-36.787983425917886,22.443462533463617,knysna,za,73.42,99.0,20.0,8.97,36.0
376,37.53412257864358,5.75449377987087,constantine,dz,58.12,99.0,0.0,17.69,37.0
487,-37.98914973865716,-53.01730142884886,maldonado,uy,65.77,100.0,36.0,8.97,37.0
289,-37.058222411985895,-56.9506442059243,dolores,ar,65.45,98.0,0.0,12.44,37.0
502,37.731784582090015,-24.843756847294067,vila franca do campo,pt,59.6,100.0,24.0,2.93,37.0
362,-37.19631884793801,137.17025978729538,victor harbor,au,64.42,98.0,0.0,22.5,37.0
45,-37.48047647249744,-164.9936134251937,avarua,ck,65.0,100.0,12.0,20.27,37.0
421,37.68443678423324,-13.07397424394145,cascais,pt,58.57,100.0,24.0,10.54,37.0
105,37.720217926041215,-136.3798082995837,fortuna,us,52.94,100.0,8.0,8.97,37.0
55,-37.66766842586507,43.74003007847723,tsihombe,mg,65.59,100.0,24.0,12.33,37.0
459,-37.97506102229772,-71.94276002629165,mulchen,cl,67.34,21.0,20.0,2.71,37.0
196,37.9765434588485,35.36245267175707,develi,tr,62.39,54.0,0.0,2.15,37.0
423,-37.27596964685101,-72.44576614847988,los angeles,cl,66.89,70.0,0.0,5.28,37.0
351,-38.81849135642526,-62.276563688197555,bahia blanca,ar,66.04,53.0,0.0,15.01,38.0
488,-38.182484299896686,146.61006690324663,traralgon,au,58.88,59.0,44.0,6.4,38.0
115,38.165181258748575,15.255824274348356,milazzo,it,46.46,100.0,92.0,2.15,38.0
479,-38.028952295820815,174.00455838801616,kawhia,nz,69.59,99.0,76.0,18.03,38.0
371,-38.44132550034071,157.60647229239544,kiama,au,68.11,100.0,56.0,3.94,38.0
341,38.32996015315509,123.58306929897532,zhuanghe,cn,48.17,76.0,0.0,27.54,38.0
353,-38.96819763034619,150.5508974501971,lakes entrance,au,68.29,98.0,0.0,23.51,38.0
306,-38.71564638530538,-72.26330881384628,vilcun,cl,65.27,70.0,12.0,3.71,38.0
173,-38.99927058005213,172.86916560491795,okato,nz,68.92,99.0,100.0,19.82,38.0
413,38.13837835535491,107.85666000723181,yinchuan,cn,47.18,38.0,0.0,6.4,38.0
308,-39.73732091337425,157.87953756772848,ulladulla,au,66.89,100.0,24.0,7.96,39.0
447,39.79583379166009,-72.9200100577795,sayville,us,47.0,100.0,0.0,23.29,39.0
261,-39.6448852665545,-73.13359446799147,valdivia,cl,59.24,91.0,56.0,1.81,39.0
305,39.37021138688921,127.16936367347276,seoul,kr,55.06,59.0,0.0,7.63,39.0
303,39.897323808254484,-86.87821755528238,crawfordsville,us,50.78,96.0,92.0,17.02,39.0
108,-39.104282553711585,-70.45081306332673,villarrica,cl,70.09,22.0,0.0,3.71,39.0
181,-39.47043222662634,38.8447361023826,margate,za,63.79,97.0,0.0,2.71,39.0
42,39.0939895601509,-117.98618033616546,fallon,us,14.69,65.0,0.0,3.6,39.0
137,-39.335709178890966,127.27399643918078,esperance,au,61.54,99.0,48.0,29.66,39.0
398,-39.552507085377606,177.00141929832904,napier,nz,58.12,85.0,32.0,6.29,39.0
216,-39.95376162880418,-69.18159265217334,neuquen,ar,70.81,17.0,12.0,4.38,39.0
339,39.57841581540605,-64.18656285404116,shelburne,ca,59.33,100.0,92.0,56.51,39.0
9,-39.15865298033572,-111.2137617702851,rikitea,pf,60.05,100.0,48.0,11.54,39.0
287,39.422035165249,107.87042505246268,haibowan,cn,47.41,34.0,0.0,5.73,39.0
456,39.91373085027087,-71.06182776095197,charlestown,us,47.99,100.0,0.0,28.21,39.0
133,40.86052391940104,47.219249674603034,yevlax,az,54.92,76.0,24.0,1.7,40.0
405,-40.55327591498014,-73.64957620955224,osorno,cl,58.39,85.0,32.0,3.6,40.0
448,40.43992340611608,35.611819233367925,zile,tr,55.87,56.0,12.0,8.75,40.0
244,-40.7218160190438,-59.7954180522365,tres arroyos,ar,62.75,96.0,0.0,23.29,40.0
323,40.301283746184595,124.2412913634962,fengcheng,cn,40.16,94.0,0.0,4.83,40.0
279,-40.20168550205013,-61.76638436037983,punta alta,ar,65.14,100.0,8.0,24.74,40.0
317,-40.23304808186105,143.17706011668042,colac,au,62.66,97.0,100.0,32.68,40.0
331,40.874003398605225,14.648241482735216,sarno,it,55.73,100.0,12.0,5.28,40.0
227,-40.63895214020185,82.32826086069228,bambous virieux,mu,60.77,100.0,92.0,16.02,40.0
33,40.14060850028007,-178.61836070957537,provideniya,ru,49.7,100.0,8.0,18.7,40.0
378,-40.12466500576205,-66.37250364273334,general roca,ar,73.19,28.0,0.0,10.87,40.0
495,-40.13108220456001,-73.26846629148335,la union,cl,58.39,85.0,32.0,3.6,40.0
254,-40.08409921882248,166.1144017567165,hokitika,nz,65.14,100.0,0.0,10.87,40.0
213,41.40489114275813,-103.62863291037203,scottsbluff,us,32.69,79.0,36.0,5.95,41.0
335,-41.47504991823015,176.69470168516006,masterton,nz,62.75,77.0,92.0,15.23,41.0
155,-41.093143941184515,166.01078181160648,te anau,nz,64.37,100.0,0.0,12.55,41.0
494,41.07557053941345,62.97197322275747,gazli,uz,55.82,59.0,0.0,6.17,41.0
350,41.449470263957416,77.36849310479656,kyzyl-suu,kg,23.11,88.0,64.0,0.81,41.0
63,-41.89782027883366,-74.1784861937707,ancud,cl,59.06,90.0,44.0,11.54,41.0
73,-41.29054345902437,-36.635242233489954,cidreira,br,62.21,100.0,56.0,18.03,41.0
44,41.78759338999457,122.10778073383082,heishan,cn,45.79,79.0,8.0,18.25,41.0
209,-41.548701524570326,148.30777514844232,launceston,au,61.72,89.0,48.0,18.25,41.0
267,41.46239209276367,-137.16978567888188,eureka,us,50.92,98.0,64.0,7.85,41.0
180,-41.05124058735329,-63.73499252591213,viedma,ar,70.4,40.0,20.0,16.02,41.0
110,-41.205172159097465,71.1903584433995,mahebourg,mu,63.16,97.0,76.0,16.69,41.0
326,-41.61369149515475,156.39754480794159,batemans bay,au,64.51,97.0,56.0,9.64,41.0
486,-42.01794391857511,-66.99457868861145,trelew,ar,67.43,29.0,20.0,10.31,42.0
467,42.04525287845343,139.69532271031647,kamiiso,jp,45.97,93.0,0.0,21.72,42.0
432,-42.09187139221676,-73.13362600056445,calbuco,cl,56.0,96.0,88.0,13.78,42.0
117,-42.46828647013045,-65.88912018726423,puerto madryn,ar,64.28,81.0,32.0,6.73,42.0
136,-42.510009932383845,-56.6377639270638,necochea,ar,60.41,97.0,0.0,26.53,42.0
307,-42.11052246301109,23.842656717032995,plettenberg bay,za,61.85,97.0,44.0,16.8,42.0
135,-42.45045705065772,-68.57909988465627,san carlos de bariloche,ar,61.54,27.0,76.0,6.4,42.0
60,42.264681133974,-67.58961578991732,yarmouth,ca,40.12,100.0,0.0,32.12,42.0
226,-43.15881790566218,-45.9021062222099,rocha,uy,61.31,94.0,0.0,15.35,43.0
62,43.6419131079433,173.24299159335152,nikolskoye,ru,42.23,100.0,92.0,31.9,43.0
425,-43.612958352713385,170.73827226013776,fairlie,nz,62.26,100.0,92.0,14.0,43.0
218,-43.91836019331919,141.7520389338248,burnie,au,57.94,95.0,92.0,38.61,43.0
272,-43.72513473616154,172.9590789012379,christchurch,nz,58.97,58.0,56.0,11.1,43.0
65,-43.547984898566895,136.1931635473751,mount gambier,au,56.54,97.0,8.0,28.32,43.0
299,-44.59499314879989,175.7466714383695,waipawa,nz,62.03,93.0,100.0,21.94,44.0
242,44.99243011582336,162.021049122825,severo-kurilsk,ru,37.69,100.0,80.0,25.75,44.0
35,44.530611539109344,71.25110071457469,mikhaylovka,kz,50.74,71.0,48.0,5.06,44.0
53,44.80053735360309,61.78447620732547,kazalinsk,kz,47.72,73.0,20.0,3.38,44.0
367,44.26475116956549,-41.93438083916903,torbay,ca,54.38,100.0,0.0,15.68,44.0
268,44.94967916797873,10.23171232453322,noceto,it,53.66,98.0,0.0,6.85,44.0
278,44.48198704516405,164.70450289347514,petropavlovsk-kamchatskiy,ru,38.27,100.0,32.0,31.68,44.0
225,-45.030360346585816,-68.83329808223645,comodoro rivadavia,ar,52.31,72.0,92.0,13.33,45.0
1,-45.71347105422694,-12.066371033974292,jamestown,sh,51.01,100.0,12.0,14.67,45.0
332,45.857506553396895,74.43238719216325,gulshat,kz,40.66,77.0,20.0,3.38,45.0
200,-45.897375766519815,70.35748703210565,souillac,mu,60.05,91.0,92.0,28.66,45.0
187,45.832022205410894,-27.78892483026079,lagoa,pt,54.47,100.0,56.0,23.51,45.0
141,45.443694021652746,-108.79400773279632,laurel,us,24.77,80.0,44.0,2.37,45.0
449,45.19508610379258,143.82577824954456,mombetsu,jp,42.19,68.0,12.0,17.25,45.0
386,46.11544605197653,151.52537602563612,sentyabrskiy,ru,33.86,98.0,12.0,22.84,46.0
366,46.075704267868645,-117.67759018153892,walla walla,us,34.27,87.0,48.0,3.15,46.0
144,-46.815777353497026,-61.79848317785614,rawson,ar,57.53,95.0,80.0,11.77,46.0
71,46.0377131142596,113.93343800173852,baruun-urt,mn,38.59,31.0,24.0,13.78,46.0
340,46.30839095805716,9.890498593380428,sondrio,it,41.06,70.0,76.0,0.47,46.0
214,47.97272795101706,45.87073511905004,chernyy yar,ru,49.21,94.0,56.0,11.21,47.0
24,47.31915582883034,-109.95156064169737,lewistown,us,32.51,64.0,36.0,8.63,47.0
241,47.02660762888577,30.057609781760377,velyka mykhaylivka,ua,37.24,90.0,12.0,5.73,47.0
126,-47.57429981797711,-72.45007776385961,coihaique,cl,44.84,94.0,100.0,3.71,47.0
420,47.317461073724274,-136.3723773231176,prince rupert,ca,47.14,92.0,92.0,21.72,47.0
422,48.10619992051376,117.73133410041213,manzhouli,cn,36.38,34.0,0.0,22.28,48.0
375,48.65993565649133,-92.38133515606943,atikokan,ca,33.41,82.0,32.0,4.94,48.0
177,49.290534564159145,-89.87629098972002,thunder bay,ca,33.86,88.0,88.0,3.94,49.0
385,49.08046039559777,22.026892705515692,snina,sk,40.57,68.0,36.0,2.93,49.0
232,49.65665911732982,50.071015745070596,ozinki,ru,35.12,92.0,44.0,6.29,49.0
119,-49.27829702894757,162.62250762541885,tuatapere,nz,51.23,100.0,20.0,27.54,49.0
99,-50.049286249509585,-67.7933387244053,rio gallegos,ar,52.36,100.0,0.0,24.07,50.0
296,50.554362835781404,115.90112283680509,sherlovaya gora,ru,30.71,34.0,0.0,22.06,50.0
186,50.04432520087659,-112.35385503680553,taber,ca,38.86,65.0,36.0,19.82,50.0
240,50.198834979541914,-90.2219038799395,sioux lookout,ca,31.34,83.0,80.0,5.28,50.0
321,51.428594251375074,-127.55589346967801,port hardy,ca,37.28,100.0,92.0,4.5,51.0
182,-51.09332186626119,134.78885384339713,portland,au,45.61,96.0,64.0,11.32,51.0
475,51.34730924615843,42.839075404978615,kamenka,ru,33.86,97.0,92.0,5.73,51.0
132,51.43834236130241,-80.34793117749766,moose factory,ca,34.67,87.0,88.0,17.13,51.0
81,-51.31603205062076,-97.27866273775105,castro,cl,43.81,100.0,80.0,33.02,51.0
359,51.229849531648426,141.33016865918398,de-kastri,ru,33.91,71.0,0.0,10.09,51.0
465,52.08857975005017,-70.77999450214004,dolbeau,ca,25.13,94.0,68.0,13.44,52.0
457,52.92561951084876,38.0911676136689,yefremov,ru,33.37,99.0,92.0,4.38,52.0
251,52.13984001545237,104.89422926551245,bolshaya rechka,ru,20.36,73.0,8.0,3.49,52.0
197,52.896181792143224,74.53842248565641,bolshegrivskoye,ru,25.99,85.0,0.0,10.98,52.0
259,52.508056740953336,17.274591211968527,swarzedz,pl,42.19,82.0,24.0,4.94,52.0
97,52.473773216225354,-26.235217079022142,grindavik,is,44.44,100.0,48.0,26.42,52.0
404,53.1064315596732,131.92840533631,stoyba,ru,31.16,84.0,92.0,7.85,53.0
412,53.55306896991285,-58.32248851493236,saint-augustin,ca,28.24,95.0,8.0,14.79,53.0
330,53.15216275973768,-159.2062693892715,bethel,us,39.71,97.0,88.0,21.39,53.0
429,53.57446653569511,-104.69896751273068,nipawin,ca,20.36,94.0,88.0,8.08,53.0
78,53.89744241943416,-94.03940956841855,lac du bonnet,ca,31.61,84.0,80.0,9.08,53.0
34,53.04705006192955,24.457810150588642,vawkavysk,by,37.01,71.0,64.0,9.42,53.0
395,53.800880554555484,61.44613745056993,troitsk,ru,27.92,86.0,0.0,16.02,53.0
89,53.17567374179227,92.2333280929581,yermakovskoye,ru,29.77,66.0,76.0,3.04,53.0
403,54.846778656973,-5.396590490414198,portpatrick,gb,46.91,91.0,0.0,24.4,54.0
358,54.562138917714506,41.17766537442057,izhevskoye,ru,31.97,100.0,88.0,7.63,54.0
128,-54.08257715849209,178.59843411749506,dunedin,nz,50.11,93.0,92.0,22.84,54.0
91,-54.85416527173689,-48.85857240118319,mar del plata,ar,44.75,90.0,12.0,27.98,54.0
438,55.3972988304695,-105.4289984104634,la ronge,ca,8.93,83.0,76.0,4.72,55.0
43,55.571747101913274,-45.104872452369406,nanortalik,gl,36.92,100.0,88.0,33.69,55.0
430,55.653736394476546,11.15321346961521,kalundborg,dk,37.37,95.0,80.0,12.1,55.0
503,55.52238425072959,76.68465249328584,vengerovo,ru,27.56,92.0,80.0,13.67,55.0
295,55.05084999949627,-52.96164666323641,saint anthony,ca,35.26,100.0,56.0,32.01,55.0
312,55.82656090175391,-113.7374777912411,slave lake,ca,17.12,79.0,80.0,6.51,55.0
474,55.01663945233588,-124.13975554093946,fort saint james,ca,33.32,69.0,80.0,9.19,55.0
125,56.01558320251567,132.0183732654981,tokur,ru,10.06,70.0,8.0,3.04,56.0
492,56.85461813223136,-144.0254550040991,palmer,us,40.84,100.0,68.0,28.43,56.0
143,56.25026342261788,152.84125049166343,ola,ru,30.49,96.0,92.0,35.37,56.0
357,56.018309996763044,-179.45099006121833,egvekinot,ru,34.4,100.0,80.0,17.58,56.0
439,57.83974746195632,-36.96656637569485,tasiilaq,gl,38.0,100.0,64.0,36.6,57.0
222,57.5260625053835,-127.70165094114918,smithers,ca,22.12,77.0,76.0,8.08,57.0
485,57.65791268527775,107.67331714851949,kirensk,ru,21.17,59.0,80.0,3.83,57.0
286,58.68795805722384,11.983035194031146,uddevalla,se,33.05,100.0,0.0,19.15,58.0
52,58.14975494627191,-13.840953610865483,westport,ie,46.19,100.0,92.0,19.82,58.0
160,59.707917949694426,-51.8817784980701,paamiut,gl,35.93,100.0,88.0,36.15,59.0
159,59.168216145855524,-154.02479767119596,kodiak,us,20.54,89.0,56.0,1.81,59.0
215,59.08863504295316,129.82383722782063,chagda,ru,18.52,62.0,32.0,7.4,59.0
402,59.25600231251901,-143.40363138064782,haines junction,ca,39.98,100.0,92.0,14.23,59.0
74,-60.3197931100479,148.89645559048842,hobart,au,36.2,94.0,88.0,22.95,60.0
476,60.20339022710412,68.42007967228751,kondinskoye,ru,17.44,83.0,88.0,4.61,60.0
188,60.052505091470735,134.77125671519957,ust-maya,ru,21.89,70.0,80.0,9.64,60.0
56,-60.05374972662574,67.62224040156727,saint-philippe,re,33.41,100.0,92.0,17.69,60.0
70,61.47740868082208,-11.128516342659353,sorvag,fo,44.62,100.0,68.0,33.13,61.0
83,-61.80944776717661,177.76155693975915,kaitangata,nz,40.43,92.0,92.0,8.75,61.0
348,61.22344355049113,-130.85004505009184,whitehorse,ca,-21.99,54.0,0.0,2.15,61.0
294,61.08068675010557,-61.35651266097649,pangnirtung,ca,7.99,100.0,8.0,36.48,61.0
285,61.73619238121024,-74.46964209772415,iqaluit,ca,-6.55,85.0,8.0,6.85,61.0
233,61.72339518376992,175.48247881728315,anadyr,ru,20.45,100.0,44.0,8.63,61.0
80,62.40083123076474,155.81355900316294,omsukchan,ru,2.41,78.0,64.0,2.93,62.0
260,62.66878085676194,92.68216917470554,teya,ru,24.23,78.0,80.0,11.77,62.0
2,-62.27067004579441,116.29721576483757,albany,au,34.85,96.0,64.0,12.1,62.0
16,62.058531844375395,36.60923350090495,pudozh,ru,16.27,83.0,32.0,6.51,62.0
501,63.92774361029981,-138.15548235979813,mayo,ca,-19.02,25.0,0.0,2.59,63.0
145,-63.6554962401068,27.2984952491896,kruisfontein,za,33.05,98.0,88.0,20.83,63.0
223,64.23910317560338,4.348171187689033,larsnes,no,39.44,100.0,0.0,20.15,64.0
82,-64.12417033283614,1.6544223614109441,hermanus,za,32.02,100.0,92.0,9.75,64.0
249,65.17379711743362,-155.29968085126276,kenai,us,7.13,68.0,0.0,9.64,65.0
100,-65.82349542191372,33.46178565252771,port elizabeth,za,30.76,100.0,88.0,26.53,65.0
64,-66.73296027090207,-21.447045006214836,chuy,uy,31.66,94.0,92.0,15.35,66.0
258,66.97566563154501,-96.32151418436044,thompson,ca,-19.74,56.0,36.0,8.41,66.0
178,66.86860819347692,49.19965165191347,ust-tsilma,ru,12.26,54.0,0.0,8.75,66.0
304,67.26458854867626,6.102783258213236,bud,no,38.36,100.0,80.0,12.66,67.0
277,67.25778632769666,-48.935612559366724,qasigiannguit,gl,0.56,61.0,0.0,20.38,67.0
440,67.13956734443028,111.79970487895307,udachnyy,ru,4.07,76.0,12.0,5.17,67.0
484,67.87568068119464,-18.85562864108425,dalvik,is,37.19,98.0,8.0,31.12,67.0
458,67.3504973325803,117.52980912019467,nyurba,ru,-3.0,72.0,8.0,4.72,67.0
69,68.54701235880597,-121.3833329983779,norman wells,ca,-25.09,36.0,32.0,5.17,68.0
250,68.1199469073456,-27.56751670824415,bolungarvik,is,32.56,94.0,92.0,30.44,68.0
88,68.09507002513135,10.657861129129586,sorland,no,38.09,100.0,80.0,16.91,68.0
314,68.96668113164736,134.23872462527044,batagay,ru,5.15,81.0,20.0,6.85,68.0
195,68.5249301407176,-85.40713442755504,attawapiskat,ca,-21.31,60.0,20.0,12.66,68.0
107,68.17052655997674,62.898981629796786,komsomolskiy,ru,-11.32,73.0,12.0,10.98,68.0
269,68.29368007076991,122.47462344343256,zhigansk,ru,-1.2,67.0,0.0,2.48,68.0
134,68.66463571929039,129.67545758495027,batagay-alyta,ru,-20.77,52.0,0.0,2.59,68.0
150,68.0042891226513,-170.27185191685555,lavrentiya,ru,1.87,69.0,0.0,11.21,68.0
377,69.24706243094198,94.65826617022839,talnakh,ru,-0.52,67.0,44.0,4.94,69.0
17,70.65847134794853,63.1017442697708,amderma,ru,-0.39,87.0,64.0,19.82,70.0
36,-70.4422827797051,-106.61214210259584,punta arenas,cl,4.07,100.0,0.0,4.61,70.0
394,70.81530457185859,15.5973631453692,andenes,no,37.1,100.0,76.0,23.4,70.0
51,71.99696961406497,-165.39600876064583,nome,us,-3.31,63.0,8.0,7.29,71.0
37,-71.24550594312427,-10.221623955867841,cape town,za,25.04,96.0,92.0,18.92,71.0
27,-71.01373876939573,-80.21902876059512,ushuaia,ar,23.74,100.0,8.0,8.63,71.0
368,71.81078620980306,70.36923812076039,yar-sale,ru,-23.56,34.0,0.0,9.08,71.0
98,73.63464539505028,154.90602793320556,srednekolymsk,ru,-8.04,63.0,24.0,17.47,73.0
101,-74.98714303711446,126.95400498010892,new norfolk,au,-48.49,0.0,32.0,8.19,74.0
123,74.53274840917953,-157.75092192185446,barrow,us,-5.92,58.0,0.0,15.23,74.0
18,-74.89540165535321,-159.08281817953005,mataura,pf,10.82,100.0,32.0,25.19,74.0
231,76.93527004491906,-172.64259224026063,mys shmidta,ru,-4.3,80.0,76.0,4.94,76.0
25,76.89909700702682,-47.70374278231397,ilulissat,gl,-13.48,61.0,8.0,17.25,76.0
61,77.48963057395929,-5.776964588848308,klaksvik,fo,8.93,100.0,0.0,10.31,77.0
483,77.17964324144528,-143.18932397309996,aklavik,ca,-14.02,65.0,8.0,9.53,77.0
142,77.20162521533956,20.245543342985073,longyearbyen,sj,17.84,100.0,0.0,2.71,77.0
205,79.04243097181683,-56.60967467720953,upernavik,gl,-14.02,35.0,0.0,14.67,79.0
38,-79.6675618191656,170.93982374063773,bluff,nz,-10.96,55.0,44.0,13.22,79.0
349,80.7162377698986,50.883017592642176,belushya guba,ru,-1.74,100.0,20.0,1.59,80.0
276,80.57190497593942,-62.388129852330806,narsaq,gl,-33.01,55.0,0.0,1.7,80.0
151,80.68615340916026,-1.1545727464089595,barentsburg,sj,-3.9,100.0,8.0,22.17,80.0
46,-80.34874739926525,56.66284989846143,east london,za,-58.75,0.0,12.0,10.76,80.0
179,81.01885749337418,125.15080941598418,tiksi,ru,3.53,82.0,80.0,5.39,81.0
11,-81.77903827710244,75.2359001071978,busselton,au,-66.45,0.0,8.0,17.02,81.0
206,82.20234459400741,144.57878409971752,chokurdakh,ru,6.41,88.0,64.0,8.08,82.0
170,82.52203541868937,95.50397850148093,khatanga,ru,-12.94,60.0,32.0,4.5,82.0
224,83.7960788608835,68.78361959090934,dikson,ru,6.95,86.0,76.0,5.95,83.0
26,83.94571135475181,167.72750775859095,pevek,ru,-11.5,75.0,36.0,8.41,83.0
20,-83.12808250961457,62.568164683866875,taolanaro,mg,-69.87,0.0,8.0,6.4,83.0
152,84.03388723224553,134.6655630452789,nizhneyansk,ru,5.51,83.0,56.0,4.16,84.0
161,84.7435582272567,120.24246370387918,saskylakh,ru,9.61,90.0,64.0,4.16,84.0
168,85.76719726699817,-128.16600263970486,tuktoyaktuk,ca,-7.77,79.0,68.0,15.9,85.0
118,-86.00480071125311,22.252070769530505,bredasdorp,za,-37.47,52.0,36.0,9.19,86.0
6,87.38050125499961,-88.55528408252027,qaanaaq,gl,-15.55,70.0,36.0,13.11,87.0
15,88.92083093562135,-106.66457432516022,yellowknife,ca,-6.82,90.0,68.0,15.46,88.0
8,89.63621274451583,175.2797932235378,leningradskiy,ru,2.14,88.0,80.0,18.81,89.0
7,89.60547612287891,-25.451866856304086,illoqqortoormiut,gl,-4.17,79.0,64.0,13.56,89.0
28,-89.81386848568624,54.73595654165483,port alfred,za,-54.12,0.0,20.0,13.0,89.0
